Test Case,Score_A,Score_B
1,0.25462922,0.8252207
2,0.33255672,0.8403191
3,0.10522962,0.8696708
4,0.20242359,0.3974717
5,0.11450345,0.8778702
6,0.14429577,0.6027529
7,0.023671126,0.74954444
8,0.06381883,0.5885171
9,0.3974717,0.6863638
10,0.6020386,0.9209984
11,0.09308127,0.7761081
12,0.17545098,0.8778702
13,0.25462922,0.6426206
14,0.08083374,0.88599813
15,0.071337044,0.6027529
